{"loss": [4.66852331161499, 3.808384895324707, 3.1654295921325684, 2.528735399246216, 2.1438982486724854, 1.7932310104370117, 1.4447510242462158, 1.3047670125961304, 1.1697770357131958, 1.0625346899032593, 0.9538024067878723, 0.9380168318748474, 0.8373591899871826, 0.7450514435768127, 0.7071859240531921, 0.6505093574523926, 0.6130038499832153, 0.5578386783599854, 0.5590082406997681, 0.4891914129257202, 0.49817726016044617, 0.43528681993484497, 0.39541539549827576, 0.3920702636241913, 0.33878639340400696, 0.38993316888809204, 0.373399555683136, 0.32759079337120056, 0.3769743740558624, 0.3232083022594452, 0.32661181688308716, 0.2993045747280121, 0.30749523639678955, 0.2734154462814331, 0.27130311727523804, 0.25827622413635254, 0.25056248903274536, 0.2884913384914398, 0.267393559217453, 0.2785114049911499, 0.25652506947517395, 0.20245179533958435, 0.2560523450374603, 0.2462555170059204, 0.2295900285243988, 0.19125337898731232, 0.23685874044895172, 0.2319941520690918, 0.210813507437706, 0.1806510090827942, 0.19586901366710663, 0.2012757658958435, 0.23012639582157135, 0.20000562071800232, 0.18264001607894897, 0.2143498659133911, 0.20310035347938538, 0.19374245405197144, 0.18399399518966675, 0.1733705848455429, 0.1643395870923996, 0.16566331684589386, 0.1817665994167328, 0.16938747465610504, 0.17070803046226501, 0.20113933086395264, 0.14219343662261963, 0.15899083018302917, 0.181200310587883, 0.18822623789310455, 0.2120760828256607, 0.11393971741199493, 0.14104127883911133, 0.16472579538822174, 0.15189975500106812, 0.16771411895751953, 0.1460808515548706, 0.1722492277622223, 0.15377655625343323, 0.14877507090568542, 0.13885343074798584, 0.1461094617843628, 0.17102664709091187, 0.13153550028800964, 0.12048805505037308, 0.18227864801883698, 0.1367887258529663, 0.1079263985157013, 0.12572045624256134, 0.1671338975429535, 0.13818103075027466, 0.1464044451713562, 0.1680586040019989, 0.14674894511699677, 0.13294444978237152, 0.1348601132631302, 0.1335993856191635, 0.08949021995067596, 0.14004045724868774, 0.148201584815979], "accuracy": [0.029374999925494194, 0.1094936728477478, 0.18937499821186066, 0.2849999964237213, 0.3843750059604645, 0.46000000834465027, 0.5581250190734863, 0.5899999737739563, 0.6462500095367432, 0.6693750023841858, 0.7118750214576721, 0.7037500143051147, 0.7250000238418579, 0.7643749713897705, 0.7718750238418579, 0.7950000166893005, 0.793749988079071, 0.8243749737739563, 0.8206250071525574, 0.8387500047683716, 0.8512499928474426, 0.8568750023841858, 0.878125011920929, 0.8687499761581421, 0.8881250023841858, 0.8806250095367432, 0.8849999904632568, 0.893750011920929, 0.8787500262260437, 0.8893749713897705, 0.8956249952316284, 0.9024999737739563, 0.9056249856948853, 0.9200000166893005, 0.9024999737739563, 0.9143750071525574, 0.9212499856948853, 0.90625, 0.9156249761581421, 0.9118750095367432, 0.9168750047683716, 0.9331250190734863, 0.9175000190734863, 0.9225000143051147, 0.925000011920929, 0.9337499737739563, 0.9284810423851013, 0.9325000047683716, 0.9275000095367432, 0.9381250143051147, 0.9387500286102295, 0.9418749809265137, 0.9481250047683716, 0.9375, 0.9474999904632568, 0.9318749904632568, 0.9412500262260437, 0.9387500286102295, 0.9437500238418579, 0.9462500214576721, 0.9493749737739563, 0.956250011920929, 0.9543750286102295, 0.9568750262260437, 0.9474999904632568, 0.9431250095367432, 0.9599999785423279, 0.9593750238418579, 0.9468749761581421, 0.953125, 0.9316455721855164, 0.9668750166893005, 0.9618750214576721, 0.9543750286102295, 0.9512500166893005, 0.9549999833106995, 0.9581249952316284, 0.9524999856948853, 0.9549999833106995, 0.9506250023841858, 0.956250011920929, 0.9549999833106995, 0.9524999856948853, 0.9593750238418579, 0.9587500095367432, 0.9537500143051147, 0.956250011920929, 0.9626582264900208, 0.9587500095367432, 0.953125, 0.9599999785423279, 0.9568750262260437, 0.956250011920929, 0.9537500143051147, 0.9618750214576721, 0.9612500071525574, 0.9637500047683716, 0.9743750095367432, 0.9606249928474426, 0.9599999785423279], "val_loss": [4.051068305969238, 3.330855131149292, 2.4199912548065186, 1.9606192111968994, 1.5775070190429688, 1.2443344593048096, 1.0541975498199463, 0.8886163830757141, 0.8537785410881042, 0.727189302444458, 0.628298282623291, 0.7012078762054443, 0.4955081045627594, 0.5818942785263062, 0.45356887578964233, 0.5028559565544128, 0.6782019138336182, 0.7812262773513794, 0.7318270206451416, 0.46233507990837097, 0.6570197343826294, 0.27804234623908997, 0.48304030299186707, 0.4233633279800415, 0.35059303045272827, 0.2651245594024658, 0.3743158280849457, 0.3772437274456024, 0.3314042389392853, 0.21080760657787323, 0.3197019696235657, 0.2505445182323456, 0.3219892382621765, 0.2516390085220337, 0.1892199069261551, 0.390945702791214, 0.35406890511512756, 0.2822512984275818, 0.25391924381256104, 0.19766178727149963, 0.34474942088127136, 0.3496617078781128, 0.385102778673172, 0.25834885239601135, 0.26524895429611206, 0.21345476806163788, 0.20765374600887299, 0.2482873946428299, 0.210296630859375, 0.20500236749649048, 0.2768842577934265, 0.34158575534820557, 0.18171124160289764, 0.09093551337718964, 0.22817747294902802, 0.3575405180454254, 0.11744934320449829, 0.22567692399024963, 0.3374660015106201, 0.5219529271125793, 0.40443968772888184, 0.3917272090911865, 0.19986221194267273, 0.18773522973060608, 0.1918107271194458, 0.11533021181821823, 0.18023744225502014, 0.2659320831298828, 0.18888111412525177, 0.20946408808231354, 0.15896059572696686, 0.07025700807571411, 0.17040306329727173, 0.23642170429229736, 0.21426042914390564, 0.179650217294693, 0.2319052815437317, 0.08666511625051498, 0.20981258153915405, 0.10896346718072891, 0.5368442535400391, 1.0618891716003418, 0.06709296256303787, 0.14725850522518158, 0.12053188681602478, 0.10014459490776062, 0.11368901282548904, 0.2325800061225891, 0.254374623298645, 0.07816272974014282, 0.1582142561674118, 0.1628117710351944, 0.30304333567619324, 0.20453791320323944, 0.34405195713043213, 0.21708957850933075, 0.1111317053437233, 0.2020871937274933, 0.16912011802196503, 0.1563130021095276],